title,start_time,end_time,url
Not Worth It,00:00:00,00:05:14,https://www.youtube.com/watch?v=Pv_f7wMrpqY
Deep Sea Diving (feat Stan Taylor),00:05:14,00:08:06,https://www.youtube.com/watch?v=Pv_f7wMrpqY
Napolean Hill,00:08:06,00:11:13,https://www.youtube.com/watch?v=Pv_f7wMrpqY
Go For Mine,00:11:13,00:15:16,https://www.youtube.com/watch?v=Pv_f7wMrpqY
Next Gear Intro (The Hunger),00:15:16,00:15:35,https://www.youtube.com/watch?v=Pv_f7wMrpqY
Next Gear,00:15:35,00:19:24,https://www.youtube.com/watch?v=Pv_f7wMrpqY
Roll Your Jay (feat deSerko),00:19:24,00:23:27,https://www.youtube.com/watch?v=Pv_f7wMrpqY
Outta My Head,00:23:27,00:28:00,https://www.youtube.com/watch?v=Pv_f7wMrpqY
They Told Me (feat Gabe Steiner),00:28:00,00:33:29,https://www.youtube.com/watch?v=Pv_f7wMrpqY
Intro,00:01:00,00:02:05,https://www.youtube.com/watch?v=i_2DKqG9vns
"diabolical, encyclopedia, is",00:02:09,00:03:58,https://www.youtube.com/watch?v=i_2DKqG9vns
Energy Exchange Tour Recap,00:03:58,00:09:20,https://www.youtube.com/watch?v=i_2DKqG9vns
Energy Exchange Tour,00:10:55,00:12:20,https://www.youtube.com/watch?v=i_2DKqG9vns
"reminiscent, insecurities, dangerous",00:12:20,00:15:43,https://www.youtube.com/watch?v=i_2DKqG9vns
Traveling All Over the World,00:15:43,00:19:56,https://www.youtube.com/watch?v=i_2DKqG9vns
Rap Coltrane,00:00:00,00:03:55,https://www.youtube.com/watch?v=rLIkQLj3uJo
Snake Eyes,00:03:53,00:08:01,https://www.youtube.com/watch?v=rLIkQLj3uJo
No Apology,00:07:58,00:12:18,https://www.youtube.com/watch?v=rLIkQLj3uJo
Lost,00:00:00,00:03:59,https://www.youtube.com/watch?v=F7FsA3JSOHQ
Fuck This Fear,00:03:57,00:07:30,https://www.youtube.com/watch?v=F7FsA3JSOHQ
Soulilloquies,00:07:27,00:11:24,https://www.youtube.com/watch?v=F7FsA3JSOHQ
Harry Mack x Beat Cleaver 1,00:00:00,00:06:21,https://www.youtube.com/watch?v=cnukKeC_phA
Harry Mack x Beat Cleaver 2,00:06:21,00:11:32,https://www.youtube.com/watch?v=cnukKeC_phA
Overtime - Sway's Universe,00:00:27,00:08:14,https://www.youtube.com/watch?v=73WCDV51bo0
"Florescent Adolescence, Rainbow, Wetherspoons",00:00:55,00:04:32,https://www.youtube.com/watch?v=NPdKxsSE5JQ
"Cats, Shoes, Football",00:05:47,00:08:14,https://www.youtube.com/watch?v=NPdKxsSE5JQ
"Clowns, Guitars, Roast Me",00:09:36,00:11:02,https://www.youtube.com/watch?v=NPdKxsSE5JQ
"Pussy, Antidisestablishmentarianism, Wall",00:13:09,00:14:51,https://www.youtube.com/watch?v=NPdKxsSE5JQ
"My Average Day, Didgeridoo",00:18:32,00:20:59,https://www.youtube.com/watch?v=NPdKxsSE5JQ
"COVID, Sports, Comedy",00:00:56,00:03:40,https://www.youtube.com/watch?v=BgCUCg9aMyA
"Huskies, Iced Coffee, Bucket Hats",00:06:02,00:07:53,https://www.youtube.com/watch?v=BgCUCg9aMyA
"Sheep, PlayStation, Bottle",00:10:08,00:12:00,https://www.youtube.com/watch?v=BgCUCg9aMyA
"King, NF, New York",00:17:04,00:19:06,https://www.youtube.com/watch?v=BgCUCg9aMyA
"Bookbag, Perfume In A Bottle, Painting",00:01:51,00:04:14,https://www.youtube.com/watch?v=37duQAUSYXo
"Oreos, Oxygen, Lotion",00:06:40,00:09:00,https://www.youtube.com/watch?v=37duQAUSYXo
"Ninja Turtles, Dogs, Iron Man",00:11:14,00:13:03,https://www.youtube.com/watch?v=37duQAUSYXo
Mr. Feelgood - The Humpus,00:19:01,00:20:52,https://www.youtube.com/watch?v=37duQAUSYXo
"London, Rivers, Drinking, Red Wine",00:01:28,00:03:21,https://www.youtube.com/watch?v=jrNapeXr3TY
"Football, Florida, Senior",00:06:35,00:08:38,https://www.youtube.com/watch?v=jrNapeXr3TY
"Drank, Menstruation, Police",00:10:41,00:13:00,https://www.youtube.com/watch?v=jrNapeXr3TY
"Drinking on a Sunday, High as Fuck",00:14:44,00:17:25,https://www.youtube.com/watch?v=jrNapeXr3TY
"Function, Poison, Purified",00:01:14,04:00:00,https://www.youtube.com/watch?v=Gh7Wbix9UwY
"Wolves, Love, Cola",00:06:02,00:08:31,https://www.youtube.com/watch?v=Gh7Wbix9UwY
"Purple, Bottle, Joint, Groin",00:11:20,00:13:20,https://www.youtube.com/watch?v=Gh7Wbix9UwY
"Paint, Cash, Walls, Beemer",00:15:07,00:17:43,https://www.youtube.com/watch?v=Gh7Wbix9UwY
"Cypher, Integrity, Weed",00:01:35,00:04:09,https://www.youtube.com/watch?v=dwFhTq5x0Tc
"Shopping, Swimming, Boxing",00:07:12,00:10:15,https://www.youtube.com/watch?v=dwFhTq5x0Tc
"Imported, Lurking, Automatic",00:12:56,00:15:56,https://www.youtube.com/watch?v=dwFhTq5x0Tc
"Sofa, Juice, Octagon",00:17:47,00:20:16,https://www.youtube.com/watch?v=dwFhTq5x0Tc
"Comedy, College, Nicotine",00:01:22,00:04:30,https://www.youtube.com/watch?v=75j7pEjRAIQ
"Betrayal, Pain, Love",00:06:21,00:08:27,https://www.youtube.com/watch?v=75j7pEjRAIQ
"Wine, Hot, Flags",00:10:29,00:12:21,https://www.youtube.com/watch?v=75j7pEjRAIQ
"Pineapple, Train, Pasta",00:13:27,00:15:40,https://www.youtube.com/watch?v=75j7pEjRAIQ
"Drink, Gum, Bottle",00:16:58,00:19:11,https://www.youtube.com/watch?v=75j7pEjRAIQ
"McDonalds, Plate, Cheese Puff",00:01:34,00:03:59,https://www.youtube.com/watch?v=O6ve-5b_x5U
"Corky, Annabelle, Puppetworld",00:06:58,00:08:23,https://www.youtube.com/watch?v=O6ve-5b_x5U
"Pepper, Keyboard, Pair of Pants",00:10:17,00:13:03,https://www.youtube.com/watch?v=O6ve-5b_x5U
"Cheese, Leaks, T-Shirt",00:14:50,00:17:27,https://www.youtube.com/watch?v=O6ve-5b_x5U
"Yoohoo, Plate, Water",00:01:09,00:03:46,https://www.youtube.com/watch?v=oxuUDgOdoRw
"Milk, Big L, Bag",00:06:35,00:08:55,https://www.youtube.com/watch?v=oxuUDgOdoRw
"Cardi B, Omegle, Fashion",00:11:22,00:13:13,https://www.youtube.com/watch?v=oxuUDgOdoRw
"Jesus, Air Force One, Sky",00:16:38,00:18:40,https://www.youtube.com/watch?v=oxuUDgOdoRw
"Kitty, Candy, Sky",00:01:04,00:03:24,https://www.youtube.com/watch?v=7GAuu0Ro9PM
"Purple, Wave, Change",00:06:06,00:09:29,https://www.youtube.com/watch?v=7GAuu0Ro9PM
"Masculinity, Chaosity, Trustworthy",00:12:24,00:15:31,https://www.youtube.com/watch?v=7GAuu0Ro9PM
"Ohio, Shut Your Mouth & Beatbox, Brody",00:17:24,00:18:46,https://www.youtube.com/watch?v=7GAuu0Ro9PM
"Sandwich, Flags, Table",00:00:59,00:03:24,https://www.youtube.com/watch?v=Rqv6oiyddn8
"Penguin, Philadelphia, Steve",00:05:24,00:07:44,https://www.youtube.com/watch?v=Rqv6oiyddn8
"Phone, Crush, Car",00:09:28,00:12:29,https://www.youtube.com/watch?v=Rqv6oiyddn8
"Octopus, Doorknob, Orange",00:13:58,00:18:14,https://www.youtube.com/watch?v=Rqv6oiyddn8
"Orange, Fruit, Apples, Keyboard",00:01:20,00:03:54,https://www.youtube.com/watch?v=hZcpRm80EBk
"Ramen, Paint, Anticipation",00:05:55,00:08:29,https://www.youtube.com/watch?v=hZcpRm80EBk
"Water, Bass, Table",00:10:25,00:12:45,https://www.youtube.com/watch?v=hZcpRm80EBk
"Detroit Red Wings, Black Widows Elite, Family",00:14:12,00:16:25,https://www.youtube.com/watch?v=hZcpRm80EBk
"Money, Light, Studying",00:01:13,00:04:30,https://www.youtube.com/watch?v=6c5Y47TYQWQ
"Goblet, Nancy Drew, Minerals",00:06:14,00:09:21,https://www.youtube.com/watch?v=6c5Y47TYQWQ
"Banana, Plushie, Blue",00:11:40,00:13:48,https://www.youtube.com/watch?v=6c5Y47TYQWQ
"Life, Interaction, Psyche, Extinguisher, Kendrick",00:15:18,00:18:23,https://www.youtube.com/watch?v=6c5Y47TYQWQ
"California, Language, Enemy",00:01:03,00:03:59,https://www.youtube.com/watch?v=Ap4dVD_CRm8
"Chocolate, Cake Dinosaurs",00:06:27,00:09:02,https://www.youtube.com/watch?v=Ap4dVD_CRm8
Random Beatboxer,00:10:13,00:11:19,https://www.youtube.com/watch?v=Ap4dVD_CRm8
"Genius, Mask, Wood, Van",00:12:41,00:15:32,https://www.youtube.com/watch?v=Ap4dVD_CRm8
"Black, Picture, Camera, Coffee",00:16:42,00:19:34,https://www.youtube.com/watch?v=Ap4dVD_CRm8
"Beatbox, Discord, Drop, Beats, Inward Bass",00:01:29,00:04:38,https://www.youtube.com/watch?v=lt0r0JNDeeo
"Dental Hygienist, Drama, Family",00:07:42,00:09:55,https://www.youtube.com/watch?v=lt0r0JNDeeo
"Scarce, CAPS, Streets",00:11:39,00:15:14,https://www.youtube.com/watch?v=lt0r0JNDeeo
"Monster, Simultaneously, Siren",00:17:57,00:20:29,https://www.youtube.com/watch?v=lt0r0JNDeeo
"Pizza, Labradoodles, Ariana Grande",00:01:10,00:03:49,https://www.youtube.com/watch?v=XTfaaoBRjvs
"Dolphin, Orange, Eyelash",00:05:22,00:07:55,https://www.youtube.com/watch?v=XTfaaoBRjvs
"Call of Duty, PlayStation, Basketball",00:09:03,00:12:22,https://www.youtube.com/watch?v=XTfaaoBRjvs
"Dessert, Dogs, Pillow, Croc, Candles",00:14:10,00:17:19,https://www.youtube.com/watch?v=XTfaaoBRjvs
"Pumpkin, Orange, Pineapple",00:00:55,00:03:12,https://www.youtube.com/watch?v=QwnqI4dyPI8
"Pizza, Can, Trash",00:04:39,00:08:06,https://www.youtube.com/watch?v=QwnqI4dyPI8
Google Draw,00:09:55,00:12:45,https://www.youtube.com/watch?v=QwnqI4dyPI8
"Chains, Happy, Planet",00:14:03,00:17:15,https://www.youtube.com/watch?v=QwnqI4dyPI8
"Light, Reacting to Art",00:01:17,00:03:47,https://www.youtube.com/watch?v=VBBMfHGMs7I
"October, Roses, Wavy",00:05:21,00:07:48,https://www.youtube.com/watch?v=VBBMfHGMs7I
"Hip Hop, Turntables, Cooking",00:09:48,00:12:25,https://www.youtube.com/watch?v=VBBMfHGMs7I
"Yoda, Dark, Streets",00:14:58,00:17:42,https://www.youtube.com/watch?v=VBBMfHGMs7I
"Good Road Trips, Good Views",00:18:55,00:21:27,https://www.youtube.com/watch?v=VBBMfHGMs7I
"Gil, Brothels, Toenail Fungus",00:01:37,00:04:25,https://www.youtube.com/watch?v=EWThDBgYj9U
"Drip, Hippopotamus, Chameleon",00:06:16,00:09:19,https://www.youtube.com/watch?v=EWThDBgYj9U
"Lightbulb, Computer, Eraser",00:11:12,00:13:47,https://www.youtube.com/watch?v=EWThDBgYj9U
"Controller, Universe, Twisted Tea",00:15:37,00:19:04,https://www.youtube.com/watch?v=EWThDBgYj9U
"Guantanamo Bay, Table, Turtle",00:01:58,00:03:52,https://www.youtube.com/watch?v=Tf84L54lSTE
"Dress, Tapestry, Beard",00:05:54,00:08:07,https://www.youtube.com/watch?v=Tf84L54lSTE
Piano,00:09:43,00:11:43,https://www.youtube.com/watch?v=Tf84L54lSTE
"Worldwide, Films, Oscars, L.A.",00:13:32,00:16:29,https://www.youtube.com/watch?v=Tf84L54lSTE
"Crayon, Flag, Red",00:01:58,00:03:38,https://www.youtube.com/watch?v=re1sJCcYZy4
"Date, Alec, Sex",00:05:31,00:08:27,https://www.youtube.com/watch?v=re1sJCcYZy4
"Antibiotics, Metal, Legend, Sacrifice",00:10:49,00:13:55,https://www.youtube.com/watch?v=re1sJCcYZy4
"Frogs, Plants, Clowns",00:15:27,00:17:50,https://www.youtube.com/watch?v=re1sJCcYZy4
"Fish, Toothbrush, Hot Pocket",00:01:57,00:04:58,https://www.youtube.com/watch?v=3Y-0TUj1amk
"Dior, Photograph, England",00:07:58,00:09:46,https://www.youtube.com/watch?v=3Y-0TUj1amk
"Planet, Universe, Soul, Charger",00:11:30,00:14:42,https://www.youtube.com/watch?v=3Y-0TUj1amk
"Constellations, Insomnia, Candles, Polaroid Cameras",00:17:26,00:20:14,https://www.youtube.com/watch?v=3Y-0TUj1amk
Freestyling About the Art,00:21:35,00:23:39,https://www.youtube.com/watch?v=3Y-0TUj1amk
"Highlighter, Plant, Candle",00:00:47,00:03:37,https://www.youtube.com/watch?v=JeRZWJ7NMGU
"Sigma Rho Upsilon, Drugs & Drinking, Sisters Family & Happiness",00:06:15,00:08:43,https://www.youtube.com/watch?v=JeRZWJ7NMGU
"Love, Plug, Clock",00:10:07,00:13:11,https://www.youtube.com/watch?v=JeRZWJ7NMGU
"Smoke, Vibe, Dope",00:15:28,00:18:06,https://www.youtube.com/watch?v=JeRZWJ7NMGU
"Blanket, Carpenter, Ferris Wheel",00:00:52,00:04:02,https://www.youtube.com/watch?v=ZC6kl6ohAjo
"Money, Chess, Music",00:05:13,00:08:42,https://www.youtube.com/watch?v=ZC6kl6ohAjo
"Bagel, Yankees, Saxophone",00:10:35,00:13:24,https://www.youtube.com/watch?v=ZC6kl6ohAjo
"Beatbox, Animals, Colors",00:14:38,00:17:06,https://www.youtube.com/watch?v=ZC6kl6ohAjo
"Cookie, Car, YouTube",00:01:32,00:05:05,https://www.youtube.com/watch?v=1kN6LAf_7eg
"My Mom, My Dad, Myself",00:06:50,00:10:00,https://www.youtube.com/watch?v=1kN6LAf_7eg
"Lights, Apple Watch, Tapestry",00:11:35,00:14:31,https://www.youtube.com/watch?v=1kN6LAf_7eg
"Albania, Freddy, Homeless",00:16:14,00:19:17,https://www.youtube.com/watch?v=1kN6LAf_7eg
"Pineapple, Birthday, City",00:01:15,00:04:38,https://www.youtube.com/watch?v=U6dbmuCfdyk
"Study, Math, Rap",00:06:35,00:09:25,https://www.youtube.com/watch?v=U6dbmuCfdyk
NordVPN Advertisement,00:10:16,00:12:31,https://www.youtube.com/watch?v=U6dbmuCfdyk
"Book, Spirituality, Meditation",00:14:16,00:17:31,https://www.youtube.com/watch?v=U6dbmuCfdyk
"The Outdoors, Lorries, Eyebrows",00:20:42,00:23:54,https://www.youtube.com/watch?v=U6dbmuCfdyk
"Water Bottles, The Movies, Computers",00:00:51,00:05:06,https://www.youtube.com/watch?v=dlnQOB15Sq8
"Chocolate, Alcohol, Friends",00:07:53,00:11:14,https://www.youtube.com/watch?v=dlnQOB15Sq8
"Money, Mindset, Success",00:12:34,00:15:39,https://www.youtube.com/watch?v=dlnQOB15Sq8
Art Freestyle,00:17:14,00:20:57,https://www.youtube.com/watch?v=dlnQOB15Sq8
"Marshmallows, Puppies, Books",00:01:10,00:04:42,https://www.youtube.com/watch?v=ZOhE4fUduUU
"McDonalds, Pokemon, Bubble Gum",00:06:46,00:09:31,https://www.youtube.com/watch?v=ZOhE4fUduUU
"PlayStation, Phone, Sleep",00:12:21,00:15:49,https://www.youtube.com/watch?v=ZOhE4fUduUU
"Chair, Camera, Glasses",00:17:22,00:19:50,https://www.youtube.com/watch?v=ZOhE4fUduUU
"Cable, Background, Olive",00:01:30,00:04:54,https://www.youtube.com/watch?v=2JHSSISCVww
"Dice, Boxes, Papers",00:07:05,00:09:28,https://www.youtube.com/watch?v=2JHSSISCVww
Freestyle about their interaction,00:12:17,00:15:47,https://www.youtube.com/watch?v=2JHSSISCVww
"Cocaine, Alcohol, Women",00:01:30,00:04:43,https://www.youtube.com/watch?v=vtjdWxFcOc4
"Ball, 2K, Snow",00:07:28,00:09:40,https://www.youtube.com/watch?v=vtjdWxFcOc4
"Frisbee, Jello, Green, Orange, Marmalade",00:10:30,00:13:18,https://www.youtube.com/watch?v=vtjdWxFcOc4
"Imperfect, Admire, Life",00:01:38,00:04:28,https://www.youtube.com/watch?v=fP4SftKI4LQ
"THC, Milk, Chain",00:06:13,00:09:33,https://www.youtube.com/watch?v=fP4SftKI4LQ
"Awesome, Wonderful, & Great, Warm, Plushie",00:11:58,00:13:27,https://www.youtube.com/watch?v=fP4SftKI4LQ
"Bammer, Luna, Lisa, Norway",00:00:07,00:02:29,https://www.youtube.com/watch?v=Z3FjhBuFKyM
"Chicken Goujon, Vodka, Lipstick",00:04:58,00:05:40,https://www.youtube.com/watch?v=Z3FjhBuFKyM
Off the Top with Marcus Veltri 1,00:06:41,00:08:02,https://www.youtube.com/watch?v=Z3FjhBuFKyM
"Cocaine, Substance Abuse, Alcohol, Depression",00:10:12,00:12:52,https://www.youtube.com/watch?v=Z3FjhBuFKyM
"Interstellar, Library, Continuum",00:14:23,00:16:25,https://www.youtube.com/watch?v=Z3FjhBuFKyM
"Diction, Football, PS5",00:17:36,00:20:04,https://www.youtube.com/watch?v=Z3FjhBuFKyM
Off the Top with Marcus Veltri 2,00:00:45,00:02:27,https://www.youtube.com/watch?v=t_JrcAOfAp4
"Yeti, Pickle, Guitar",00:04:46,00:07:05,https://www.youtube.com/watch?v=t_JrcAOfAp4
"Book, Piano, Hat ",00:08:21,00:10:33,https://www.youtube.com/watch?v=t_JrcAOfAp4
"Guitar, Star Wars, Black Hole",00:12:03,00:13:58,https://www.youtube.com/watch?v=t_JrcAOfAp4
Off the Top with Marcus Veltri 3,00:15:08,00:16:51,https://www.youtube.com/watch?v=t_JrcAOfAp4
"Polo, Airplane, Mower",00:00:59,00:04:05,https://www.youtube.com/watch?v=p-GYLYqpTP8
"Art, Cell Phone, Thoughts",00:05:35,00:08:18,https://www.youtube.com/watch?v=p-GYLYqpTP8
"Roar, Dive, Run (they draw Harry)",00:09:34,00:21:57,https://www.youtube.com/watch?v=p-GYLYqpTP8
"King, Tiger, Clout",00:01:03,00:03:42,https://www.youtube.com/watch?v=PPS8RLQkw04
"Cauliflower, Ostentatious, Penguin",00:05:50,00:09:01,https://www.youtube.com/watch?v=PPS8RLQkw04
"Hot Pocket, Chair & Desk, Sunset",00:10:30,00:13:15,https://www.youtube.com/watch?v=PPS8RLQkw04
"Halifax, Chair, Mango",00:01:22,00:04:32,https://www.youtube.com/watch?v=YPLX5YpSMfI
"Elephant, Scissors, Facemask",00:05:50,00:08:42,https://www.youtube.com/watch?v=YPLX5YpSMfI
"Pineapple, Wall, Blue",00:10:21,00:13:13,https://www.youtube.com/watch?v=YPLX5YpSMfI
"Panini, Blunt, Orange, Puppy",00:01:28,00:04:18,https://www.youtube.com/watch?v=QaD5-e6hjmY
"Dog, Hair, Books",00:05:31,00:08:47,https://www.youtube.com/watch?v=QaD5-e6hjmY
"Pasta, Brown, Blue, Necklace",00:11:42,00:14:44,https://www.youtube.com/watch?v=QaD5-e6hjmY
"Money, Fame, Clout, Diamonds, Astronaut, Juice",00:01:20,00:04:29,https://www.youtube.com/watch?v=1XZJKKNopEw
"Aliens, Math, Bottle",00:06:39,00:10:37,https://www.youtube.com/watch?v=1XZJKKNopEw
NordVPN Advertisement,00:11:36,00:12:59,https://www.youtube.com/watch?v=1XZJKKNopEw
"UK, Education, Unrequited Love",00:14:58,00:17:28,https://www.youtube.com/watch?v=1XZJKKNopEw
"Pepperoni, Dimension, ZaZa",00:01:13,00:04:04,https://www.youtube.com/watch?v=eStSbs0PklY
"Dragon, Minaj, Lemonade",00:05:12,00:07:36,https://www.youtube.com/watch?v=eStSbs0PklY
Fiverr Advertisement,00:08:37,00:10:05,https://www.youtube.com/watch?v=eStSbs0PklY
"Blue, Basketball, Curry, Chocolate",00:10:28,00:13:51,https://www.youtube.com/watch?v=eStSbs0PklY
"Astrology, Womb, Feet",00:01:09,00:04:06,https://www.youtube.com/watch?v=dkcnYy_VjRc
"Ostrich, Cantaloupe, Superior",00:05:39,00:08:33,https://www.youtube.com/watch?v=dkcnYy_VjRc
"Yoga Ball, Cake, A Child",00:11:03,00:15:16,https://www.youtube.com/watch?v=dkcnYy_VjRc
"Cartoon, Titan, Death",00:02:18,00:05:24,https://www.youtube.com/watch?v=4dMm3q1rldE
"Stereotype, Pterodactyl, Explore",00:07:42,00:10:04,https://www.youtube.com/watch?v=4dMm3q1rldE
"Peter, Meat, White",00:12:02,00:14:40,https://www.youtube.com/watch?v=4dMm3q1rldE
"Graduation, Cabinet, Vase",00:01:29,00:05:19,https://www.youtube.com/watch?v=25ceuw4CuK8
"Ice, Octopus, Moon, Photo, Bong",00:07:20,00:10:30,https://www.youtube.com/watch?v=25ceuw4CuK8
"Condom, Monkey, Chode",00:11:51,00:14:33,https://www.youtube.com/watch?v=25ceuw4CuK8
"Candle, Xylophone, Catastrophe",00:01:19,00:05:03,https://www.youtube.com/watch?v=wy6qazFc2FQ
"Noodle, Keyboard, Chapstick, Leucistic",00:07:23,00:10:52,https://www.youtube.com/watch?v=wy6qazFc2FQ
"Museum, Sublet, Citizenship",00:12:29,00:16:13,https://www.youtube.com/watch?v=wy6qazFc2FQ
"Dumpling, Giraffe, Surge",00:01:06,00:04:05,https://www.youtube.com/watch?v=oXI3ysg3s3s
"Spectacular, Objectifying, Inspirational",00:05:29,00:08:38,https://www.youtube.com/watch?v=oXI3ysg3s3s
"Isosceles, Crown, Venn Diagram",00:10:01,00:12:32,https://www.youtube.com/watch?v=oXI3ysg3s3s
"Linguine, Beans, Sombrero",00:01:47,00:05:09,https://www.youtube.com/watch?v=UlIzq76NZJA
"Fire Hydrant, Dragon, Fuzzy",00:06:33,00:10:24,https://www.youtube.com/watch?v=UlIzq76NZJA
"Toe, Grass, Toilet Brush",00:12:28,00:15:33,https://www.youtube.com/watch?v=UlIzq76NZJA
"Chicken, Binoculars, Aerodynamics, Bacon, Madagascar, Blasphemy",00:01:17,00:05:07,https://www.youtube.com/watch?v=OBM1UVnsQQo
"Tyrannosaurus, Snapchat, TikTok",00:07:19,00:10:27,https://www.youtube.com/watch?v=OBM1UVnsQQo
"Marlboro, Bathroom, Hunger",00:11:35,00:14:38,https://www.youtube.com/watch?v=OBM1UVnsQQo
" Budussy, Mango, Minecraft",00:01:13,00:04:56,https://www.youtube.com/watch?v=KSc0UuBLRhg
"Socks, War Zone, Chocolate",00:06:26,00:08:59,https://www.youtube.com/watch?v=KSc0UuBLRhg
NordVPN Advertisement,00:09:43,00:11:38,https://www.youtube.com/watch?v=KSc0UuBLRhg
"Asparagus, Buffalos, USA",00:12:45,00:15:55,https://www.youtube.com/watch?v=KSc0UuBLRhg
"Bop, Liberty, Green",00:01:18,00:05:10,https://www.youtube.com/watch?v=n1K9P5Dtph4
"Vigilant, Piano, Catastrophe",00:08:21,00:12:04,https://www.youtube.com/watch?v=n1K9P5Dtph4
"Cat Food, Video Games, Religion",00:17:43,00:20:47,https://www.youtube.com/watch?v=n1K9P5Dtph4
"Plant, Hoodie, Mirror",00:01:55,00:05:12,https://www.youtube.com/watch?v=5yTm4j6KaBQ
"Freestyle, Albania, Smoke, My Girlfriend Thinks I'm An Option, Pickles, McDonald's",00:06:18,00:10:40,https://www.youtube.com/watch?v=5yTm4j6KaBQ
"Preach Cuh, Extravagant, Gracioso",00:13:44,00:16:50,https://www.youtube.com/watch?v=5yTm4j6KaBQ
"Birds, Paper, Dental Floss",00:00:58,00:04:29,https://www.youtube.com/watch?v=1dfh0G8Ik1c
"Peanut Butter, Legoland, Shit",00:05:59,00:09:53,https://www.youtube.com/watch?v=1dfh0G8Ik1c
"Zucchini, Piano, Lamp",00:11:41,00:14:23,https://www.youtube.com/watch?v=1dfh0G8Ik1c
"Bed, Trampoline, Headphones, Microphone",00:01:08,00:05:10,https://www.youtube.com/watch?v=-pRhkKkM2Ms
"Tacos, Monitor, Coochie",00:06:34,00:09:33,https://www.youtube.com/watch?v=-pRhkKkM2Ms
"Pasta, Oorah, Crayons, MRE",00:11:30,00:14:27,https://www.youtube.com/watch?v=-pRhkKkM2Ms
"Sushi, Brownies, Softball",00:17:38,00:21:21,https://www.youtube.com/watch?v=-pRhkKkM2Ms
"Yoda, Waterfall, Intersection",00:22:26,00:26:28,https://www.youtube.com/watch?v=-pRhkKkM2Ms
"Icicle, Senseless, Emotional",00:28:13,00:32:12,https://www.youtube.com/watch?v=-pRhkKkM2Ms
"Metaverse, Dashboard, Scissors",00:01:53,00:04:51,https://www.youtube.com/watch?v=mwWw-1t3hyw
"Calculator, Doughnut, Pencil",00:06:26,00:10:00,https://www.youtube.com/watch?v=mwWw-1t3hyw
NordVPN Advertisement,00:10:30,00:12:22,https://www.youtube.com/watch?v=mwWw-1t3hyw
"720, Morrison, Glasses",00:13:37,00:17:11,https://www.youtube.com/watch?v=mwWw-1t3hyw
"Gamer, Strawberry Cow, LGBTQ",00:18:26,00:21:25,https://www.youtube.com/watch?v=mwWw-1t3hyw
"Acoustic, Acapella, Psychedelics",00:00:42,00:04:41,https://www.youtube.com/watch?v=3ZhcM7-bh4c
"Obsidian, Complex, Mitochondria, Anime, Lacrosse",00:06:12,00:10:02,https://www.youtube.com/watch?v=3ZhcM7-bh4c
Keeps Advertisement,00:10:58,00:12:39,https://www.youtube.com/watch?v=3ZhcM7-bh4c
"Preposterous, Poignant, Dubious",00:14:23,00:17:55,https://www.youtube.com/watch?v=3ZhcM7-bh4c
"Pyromaniac, Spherical, Phenomenal",00:19:28,00:22:33,https://www.youtube.com/watch?v=3ZhcM7-bh4c
"Crayon, Alligator, Popsicle, Expeditionary",00:01:04,00:04:26,https://www.youtube.com/watch?v=Js2Q8tJLgig
"Hypnotize, Waterfall, Candy",00:05:40,00:08:49,https://www.youtube.com/watch?v=Js2Q8tJLgig
"Harry Potter, Octopus, Jacket",00:10:30,00:13:02,https://www.youtube.com/watch?v=Js2Q8tJLgig
"Controller, Pencil, Extravagant",00:14:53,00:18:10,https://www.youtube.com/watch?v=Js2Q8tJLgig
"Giraffe, Star, Jasmine, Ambulance",00:01:51,00:04:49,https://www.youtube.com/watch?v=eX9uZQoXAdY
"Kumquat, Sandstone, Leopard",00:06:10,00:09:23,https://www.youtube.com/watch?v=eX9uZQoXAdY
Hello Fresh Advertisement,00:10:07,00:11:37,https://www.youtube.com/watch?v=eX9uZQoXAdY
"Onomatopoeia, Britannica, Jewelery",00:12:56,00:15:39,https://www.youtube.com/watch?v=eX9uZQoXAdY
The Life of a Broken Guy,00:17:08,00:20:20,https://www.youtube.com/watch?v=eX9uZQoXAdY
"Potato, Twitter, Cup",00:01:07,00:04:02,https://www.youtube.com/watch?v=AYc7Q6CSeGE
"Eiffel Tower, Baguette, Trumpet",00:05:30,00:08:46,https://www.youtube.com/watch?v=AYc7Q6CSeGE
NordVPN Advertisement,00:09:30,00:10:59,https://www.youtube.com/watch?v=AYc7Q6CSeGE
"Monster, Balls, Crystal, Toes",00:12:02,00:15:19,https://www.youtube.com/watch?v=AYc7Q6CSeGE
"Fire Truck, Surf, Walmart",00:16:10,00:19:43,https://www.youtube.com/watch?v=AYc7Q6CSeGE
"Pigeon, Simulator, Radiator",00:01:09,00:05:09,https://www.youtube.com/watch?v=Djm0fwEX9ls
"Mad, Cash, Story, Constitutional",00:06:52,00:11:02,https://www.youtube.com/watch?v=Djm0fwEX9ls
"Kanye & Donda, Apple, Kid, Play",00:13:13,00:16:41,https://www.youtube.com/watch?v=Djm0fwEX9ls
"United Kingdom, Sunny, Attack",00:18:44,00:21:41,https://www.youtube.com/watch?v=Djm0fwEX9ls
"Discord, Appointment, Helicopter, Hospital, Piano",00:01:32,00:05:52,https://www.youtube.com/watch?v=UI2qbARbQEw
Bespoke Advertisement,00:06:54,00:08:34,https://www.youtube.com/watch?v=UI2qbARbQEw
"Chair, Pumpkin, Dog, Ambidextrous",00:10:34,00:14:32,https://www.youtube.com/watch?v=UI2qbARbQEw
"Emu, Gay & Hetero, Pink, Skateboards",00:16:31,00:19:47,https://www.youtube.com/watch?v=UI2qbARbQEw
"Psychology, Memory, Hippopotamus",00:01:16,00:03:54,https://www.youtube.com/watch?v=sfFpAz8ZHVg
"Capri Sun, Sonic, Sword",00:05:38,00:08:04,https://www.youtube.com/watch?v=sfFpAz8ZHVg
"Discombobulated, Adjectives, Journey",00:09:17,00:12:16,https://www.youtube.com/watch?v=sfFpAz8ZHVg
"Puppy, Blue Champagne, Telescope",00:01:29,00:03:53,https://www.youtube.com/watch?v=CKnUOb6My5Y
NordVPN Advertisement,00:04:41,00:05:41,https://www.youtube.com/watch?v=CKnUOb6My5Y
"Phone, Tissue, Banana",00:07:02,00:10:12,https://www.youtube.com/watch?v=CKnUOb6My5Y
"Dildo, Cookies, Pink",00:11:45,00:15:09,https://www.youtube.com/watch?v=CKnUOb6My5Y
"Cheese, Glasses, Playstation",00:01:21,00:04:03,https://www.youtube.com/watch?v=BbcTwW_aKxI
Keeps Advertisement,00:04:59,00:06:22,https://www.youtube.com/watch?v=BbcTwW_aKxI
"Pre-workout, Blanket, Melatonin",00:07:44,00:10:27,https://www.youtube.com/watch?v=BbcTwW_aKxI
"Destiny, Eyeshadow, Clapping",00:12:10,00:14:52,https://www.youtube.com/watch?v=BbcTwW_aKxI
"Balloons, String, Snow",00:00:53,00:02:55,https://www.youtube.com/watch?v=I0ng6LIjAOg
"Exquisite, Tree, Popcorn",00:04:25,00:07:12,https://www.youtube.com/watch?v=I0ng6LIjAOg
"Lettuce, Car, Mississippi",00:08:47,00:11:57,https://www.youtube.com/watch?v=I0ng6LIjAOg
"Dome, Tapas, Arctic",00:00:55,00:04:18,https://www.youtube.com/watch?v=g25N4i6leas
"Rendezvous, Photosynthesis, Synchronize",00:06:58,00:08:41,https://www.youtube.com/watch?v=g25N4i6leas
"Pillow, Cage, Bag",00:10:11,00:13:05,https://www.youtube.com/watch?v=g25N4i6leas
"Keyboard, Glasses, Nails, Microsoft, Africa",00:01:22,00:05:11,https://www.youtube.com/watch?v=abuAR-yoWSU
"Friend, Underworld, New Generation",00:06:28,00:10:01,https://www.youtube.com/watch?v=abuAR-yoWSU
"Earphones, Ukraine, Pasta, River",00:11:40,00:15:00,https://www.youtube.com/watch?v=abuAR-yoWSU
"Laptop, Gin, Vogue, Fuck",00:01:17,00:05:11,https://www.youtube.com/watch?v=izM7RQctoPc
"Phenomenal, Chameleon, JBL",00:06:55,00:09:02,https://www.youtube.com/watch?v=izM7RQctoPc
"Majestic, Logical, The Throne",00:10:20,00:14:11,https://www.youtube.com/watch?v=izM7RQctoPc
"Platypus, Cleanser, Eternal",00:01:09,00:05:24,https://www.youtube.com/watch?v=BNC68gQluSE
NordVPN Advertisement,00:06:31,00:08:11,https://www.youtube.com/watch?v=BNC68gQluSE
"Badonkadonk, Daddy, Strawberry",00:09:21,00:11:56,https://www.youtube.com/watch?v=BNC68gQluSE
"420, Ancient, Telepathic",00:13:49,00:17:18,https://www.youtube.com/watch?v=BNC68gQluSE
"Enthusiastic, Supercalifragilisticexpialidocious, Thermometer",00:01:04,00:04:13,https://www.youtube.com/watch?v=TJk3eDFwiaY
"Oblivion, Intrigued, Formal",00:06:14,00:08:55,https://www.youtube.com/watch?v=TJk3eDFwiaY
"Dictionary, Piano, Headset",00:10:30,00:13:59,https://www.youtube.com/watch?v=TJk3eDFwiaY
"Compliment, Red, Conclusion",00:01:01,00:04:52,https://www.youtube.com/watch?v=FxLKfWt3Kq4
Keeps Advertisement,00:05:31,00:06:43,https://www.youtube.com/watch?v=FxLKfWt3Kq4
"Lost, Boys, Porn",00:07:58,00:11:25,https://www.youtube.com/watch?v=FxLKfWt3Kq4
"Dragon, Backpack, Comic Book",00:08:24,00:11:19,https://www.youtube.com/watch?v=FxLKfWt3Kq4
"War Zone, Flip-Flop, Sprite",00:01:03,00:05:12,https://www.youtube.com/watch?v=QaRkdWCTKkM
Skill Share Advertisement,00:05:59,00:07:11,https://www.youtube.com/watch?v=QaRkdWCTKkM
"Champagne, Flannel, 2pac",00:08:15,00:11:44,https://www.youtube.com/watch?v=QaRkdWCTKkM
"Superficial, Detrimental, Psychotherapeutic",00:13:12,00:17:05,https://www.youtube.com/watch?v=QaRkdWCTKkM
"Flabbergasted, Ratatoui, Tweezers",00:01:12,00:04:22,https://www.youtube.com/watch?v=O9AxmMO9xKw
"Mavericks, Airplanes, Beach",00:05:25,00:09:17,https://www.youtube.com/watch?v=O9AxmMO9xKw
"Discombobulated, Kleenex, Tekashi ",00:10:29,00:13:59,https://www.youtube.com/watch?v=O9AxmMO9xKw
"Baseball, New York, Phone, Rendezvous",00:01:04,00:04:50,https://www.youtube.com/watch?v=AO0yvg0pLiM
Keeps Advertisement,00:05:47,00:07:23,https://www.youtube.com/watch?v=AO0yvg0pLiM
"Curtain, Clouds, Dance",00:08:10,00:11:17,https://www.youtube.com/watch?v=AO0yvg0pLiM
"Biblical, Generic, Titanium, Pineapple",00:12:42,00:16:22,https://www.youtube.com/watch?v=AO0yvg0pLiM
"Bumpy, Kareem, Blue Jacket",00:01:35,00:04:55,https://www.youtube.com/watch?v=qQKgwgWzg58
NordVPN Advertisement,00:05:39,00:07:08,https://www.youtube.com/watch?v=qQKgwgWzg58
"Haunted, Microphone, Angel",00:08:24,00:11:53,https://www.youtube.com/watch?v=qQKgwgWzg58
"Ambiguous, Recreational, Innovative",00:12:54,00:15:48,https://www.youtube.com/watch?v=qQKgwgWzg58
"Meniscus, Cardiovascular, Clavicle",00:01:30,00:04:43,https://www.youtube.com/watch?v=xqCEjV48TWA
NordVPN Advertisement,00:06:07,00:07:33,https://www.youtube.com/watch?v=xqCEjV48TWA
"Tie, Bag, Bottle",00:08:49,00:12:29,https://www.youtube.com/watch?v=xqCEjV48TWA
"Panties, Toenails, Takis",00:14:26,00:17:55,https://www.youtube.com/watch?v=xqCEjV48TWA
"royal flush, Dr. Pepper, leopards",00:01:03,00:04:44,https://www.youtube.com/watch?v=SnJpkJ0or5o
"tank, obligatory, despicable, stars",00:06:12,00:09:10,https://www.youtube.com/watch?v=SnJpkJ0or5o
"yarn, tow truck, beetle",00:11:04,00:14:52,https://www.youtube.com/watch?v=SnJpkJ0or5o
"Goldie Cat, Snow, Monster",00:01:53,00:05:25,https://www.youtube.com/watch?v=tKXnmUUM-IA
Rap About Drawings,00:05:53,00:07:14,https://www.youtube.com/watch?v=tKXnmUUM-IA
"Mechanical, Electrical, Computer",00:08:02,00:11:01,https://www.youtube.com/watch?v=tKXnmUUM-IA
"Health, Sickness, Faith, Love Yourself",00:12:36,00:15:48,https://www.youtube.com/watch?v=tKXnmUUM-IA
"Overwhelming, Floor, Flag",00:00:54,00:03:04,https://www.youtube.com/watch?v=MxF7WaGxxao
"Water Bottle, Chair, Mirror",00:00:21,00:02:32,https://www.youtube.com/watch?v=OPzLDRdGmLs
"Alex, Moon, Artist",00:00:50,00:03:04,https://www.youtube.com/watch?v=soyVmWGv7Gc
"Art, Eyes, Food",00:00:47,00:03:36,https://www.youtube.com/watch?v=NYSez9jG25w
"War Zone, Art, Cereal",00:01:04,00:03:17,https://www.youtube.com/watch?v=UkbzR2gKGo4
"Majestic, Tragedy, Perseverance",00:01:04,00:03:40,https://www.youtube.com/watch?v=jejvivFNr8w
"Playstation, Bottle Drop, Sloth",00:01:27,00:03:46,https://www.youtube.com/watch?v=l2nekjial5s
"Painting, Plateau, Gold",00:01:16,00:03:56,https://www.youtube.com/watch?v=GPCLy6hP-OM
"Pink, Games, iPhone",00:00:53,00:03:07,https://www.youtube.com/watch?v=R74l11FkUqk
"Train, Fridge, Chair",00:01:19,00:03:48,https://www.youtube.com/watch?v=B8_L4k1k0lg
"Orange, Pudgy, Noxzema",00:01:10,00:04:06,https://www.youtube.com/watch?v=iOQvwyzf8Sg
"Waffles, Restaurant, Hyperventilating",00:01:26,00:03:53,https://www.youtube.com/watch?v=66UNzgffyWk
"Bronx, loathing, ultra violence",00:01:09,00:03:19,https://www.youtube.com/watch?v=RDwhRhbLT4w
"balloon, symptomatic, orangutan",00:01:20,00:04:36,https://www.youtube.com/watch?v=2kfaZHwzda8
"barbecue, piano, street, bedframe",00:06:22,00:09:41,https://www.youtube.com/watch?v=2kfaZHwzda8
"uninterested, sweet tea, women",00:11:17,00:15:19,https://www.youtube.com/watch?v=2kfaZHwzda8
"magnetic, cactus, school bus",00:01:08,00:04:10,https://www.youtube.com/watch?v=4yeyJVkbX8Y
NordVPN Advertisement,00:05:22,00:06:53,https://www.youtube.com/watch?v=4yeyJVkbX8Y
"Reebok, ping pong, violin",00:08:00,00:11:25,https://www.youtube.com/watch?v=4yeyJVkbX8Y
"interstellar, mathematical, trigonometry",00:13:34,00:16:57,https://www.youtube.com/watch?v=4yeyJVkbX8Y
"abracadabra, paralysis, potential",00:01:48,00:05:06,https://www.youtube.com/watch?v=Xm8Z4bGH_Ok
"scallywag, compromise, execute",00:06:35,00:10:22,https://www.youtube.com/watch?v=Xm8Z4bGH_Ok
"disinfect, lemonade, Beetlejuice",00:11:43,00:14:44,https://www.youtube.com/watch?v=Xm8Z4bGH_Ok